Frames,Milliseconds
35,0.145833333
37,0.154166667
33,0.1375
21,0.0875
31,0.129166667
32,0.133333333
26,0.108333333
30,0.125
37,0.154166667
